-- MySQL dump 10.13  Distrib 8.0.23, for Linux (x86_64)
--
-- Host: localhost    Database: patientledgerdb
-- ------------------------------------------------------
-- Server version	8.0.23-0ubuntu0.20.04.1

/*!40101 SET @OLD_CHARACTER_SET_CLIENT=@@CHARACTER_SET_CLIENT */;
/*!40101 SET @OLD_CHARACTER_SET_RESULTS=@@CHARACTER_SET_RESULTS */;
/*!40101 SET @OLD_COLLATION_CONNECTION=@@COLLATION_CONNECTION */;
/*!50503 SET NAMES utf8mb4 */;
/*!40103 SET @OLD_TIME_ZONE=@@TIME_ZONE */;
/*!40103 SET TIME_ZONE='+00:00' */;
/*!40014 SET @OLD_UNIQUE_CHECKS=@@UNIQUE_CHECKS, UNIQUE_CHECKS=0 */;
/*!40014 SET @OLD_FOREIGN_KEY_CHECKS=@@FOREIGN_KEY_CHECKS, FOREIGN_KEY_CHECKS=0 */;
/*!40101 SET @OLD_SQL_MODE=@@SQL_MODE, SQL_MODE='NO_AUTO_VALUE_ON_ZERO' */;
/*!40111 SET @OLD_SQL_NOTES=@@SQL_NOTES, SQL_NOTES=0 */;

--
-- Table structure for table `billing`
--

DROP TABLE IF EXISTS `billing`;
/*!40101 SET @saved_cs_client     = @@character_set_client */;
/*!50503 SET character_set_client = utf8mb4 */;
CREATE TABLE `billing` (
  `id` int NOT NULL AUTO_INCREMENT,
  `ledger_entry_id` int NOT NULL,
  `service_date` date NOT NULL,
  `billing_type_id` tinyint NOT NULL,
  `category_id` tinyint NOT NULL,
  `billed` tinyint(1) DEFAULT '0',
  `report_complete` tinyint(1) DEFAULT '0',
  `created_date` timestamp NOT NULL DEFAULT CURRENT_TIMESTAMP,
  `modified_date` timestamp NOT NULL DEFAULT CURRENT_TIMESTAMP ON UPDATE CURRENT_TIMESTAMP,
  PRIMARY KEY (`id`),
  KEY `ledger_entry_id` (`ledger_entry_id`),
  KEY `billing_type_id` (`billing_type_id`),
  KEY `category_id` (`category_id`),
  CONSTRAINT `billing_ibfk_1` FOREIGN KEY (`ledger_entry_id`) REFERENCES `ledger_entry` (`id`),
  CONSTRAINT `billing_ibfk_2` FOREIGN KEY (`billing_type_id`) REFERENCES `billing_type` (`id`),
  CONSTRAINT `billing_ibfk_3` FOREIGN KEY (`category_id`) REFERENCES `category` (`id`)
) ENGINE=InnoDB AUTO_INCREMENT=443 DEFAULT CHARSET=latin1;
/*!40101 SET character_set_client = @saved_cs_client */;

--
-- Dumping data for table `billing`
--

LOCK TABLES `billing` WRITE;
/*!40000 ALTER TABLE `billing` DISABLE KEYS */;
INSERT INTO `billing` VALUES (5,4,'2021-03-16',3,3,1,1,'2021-03-19 14:10:42','2021-03-19 14:10:42'),(6,5,'2021-03-19',2,1,1,1,'2021-03-19 15:55:48','2021-03-19 15:55:48'),(7,6,'2021-03-19',2,1,1,1,'2021-03-19 15:57:04','2021-03-19 15:57:04'),(8,7,'2021-03-19',3,3,1,1,'2021-03-19 16:37:47','2021-03-19 16:37:47'),(9,8,'2021-03-19',2,1,1,1,'2021-03-19 19:26:58','2021-03-19 19:26:58'),(10,9,'2021-03-19',2,1,1,1,'2021-03-19 19:29:36','2021-03-19 19:29:36'),(11,10,'2021-03-19',2,1,1,1,'2021-03-19 19:30:04','2021-03-19 19:30:04'),(12,11,'2021-03-19',1,2,1,1,'2021-03-20 04:22:10','2021-03-20 04:22:10'),(13,11,'2021-03-20',2,2,1,1,'2021-03-22 01:29:41','2021-03-22 01:29:41'),(14,12,'2021-03-24',1,1,1,1,'2021-03-24 18:11:21','2021-03-24 18:11:21'),(15,13,'2021-03-24',2,1,1,1,'2021-03-24 20:04:05','2021-03-24 20:04:05'),(17,15,'2021-03-19',2,2,1,1,'2021-03-24 22:47:04','2021-03-24 22:47:04'),(18,16,'2021-03-24',3,3,1,1,'2021-03-24 23:58:25','2021-03-24 23:58:25'),(20,18,'2021-03-25',3,3,1,1,'2021-03-26 19:45:59','2021-03-26 19:45:59'),(21,19,'2021-03-26',2,1,1,1,'2021-03-26 19:54:03','2021-03-26 19:54:03'),(22,19,'2021-03-26',3,3,1,1,'2021-03-26 19:55:04','2021-03-26 19:55:04'),(23,20,'2021-03-26',2,1,1,1,'2021-03-26 20:24:01','2021-03-26 20:24:01'),(24,21,'2021-03-26',2,1,1,1,'2021-03-26 20:24:27','2021-03-26 20:24:27'),(25,22,'2021-03-26',3,3,1,1,'2021-03-26 21:03:40','2021-03-26 21:03:40'),(26,23,'2021-03-26',1,1,1,1,'2021-03-26 22:22:30','2021-03-26 22:22:30'),(27,24,'2021-03-26',1,1,1,1,'2021-03-26 22:23:02','2021-03-26 22:23:02'),(28,25,'2021-03-30',2,1,1,1,'2021-03-30 14:38:12','2021-03-30 14:38:12'),(29,26,'2021-03-30',1,1,1,1,'2021-03-30 15:13:13','2021-03-30 15:13:13'),(30,27,'2021-03-30',2,1,1,1,'2021-03-30 15:57:54','2021-03-30 15:57:54'),(31,28,'2021-03-30',2,1,1,1,'2021-03-30 17:11:06','2021-03-30 17:11:06'),(32,29,'2021-03-30',3,3,1,1,'2021-03-30 23:02:15','2021-03-30 23:02:15'),(33,30,'2021-03-30',3,3,1,1,'2021-03-30 23:11:51','2021-03-30 23:11:51'),(34,31,'2021-03-31',1,1,1,1,'2021-03-31 14:34:52','2021-03-31 14:34:52'),(35,32,'2021-03-29',1,1,1,1,'2021-03-31 22:10:32','2021-03-31 22:10:32'),(36,33,'2021-03-29',2,1,1,1,'2021-03-31 22:11:15','2021-03-31 22:11:15'),(39,36,'2021-03-29',2,1,1,1,'2021-03-31 22:13:41','2021-03-31 22:13:41'),(40,37,'2021-03-29',2,1,1,1,'2021-03-31 22:17:00','2021-03-31 22:17:00'),(41,38,'2021-03-29',2,1,1,1,'2021-03-31 22:17:41','2021-03-31 22:17:41'),(42,39,'2021-03-31',2,1,1,1,'2021-03-31 22:46:48','2021-03-31 22:46:48'),(43,40,'2021-03-31',2,1,1,1,'2021-03-31 23:11:45','2021-03-31 23:11:45'),(44,41,'2021-03-31',2,1,1,1,'2021-03-31 23:52:29','2021-03-31 23:52:29'),(46,43,'2021-03-31',1,1,1,1,'2021-03-31 23:53:49','2021-03-31 23:53:49'),(47,44,'2021-04-02',2,1,1,1,'2021-04-02 16:20:50','2021-04-02 16:20:50'),(48,45,'2021-04-02',1,1,1,1,'2021-04-02 17:13:54','2021-04-02 17:13:54'),(49,46,'2021-04-02',2,1,1,1,'2021-04-02 17:14:17','2021-04-02 17:14:17'),(50,47,'2021-04-02',2,1,1,1,'2021-04-02 17:14:41','2021-04-02 17:14:41'),(51,48,'2021-04-02',3,3,1,1,'2021-04-02 21:41:23','2021-04-02 21:41:23'),(52,49,'2021-04-02',3,3,1,1,'2021-04-02 21:50:42','2021-04-02 21:50:42'),(53,50,'2021-04-02',1,1,1,1,'2021-04-02 22:10:07','2021-04-02 22:10:07'),(54,51,'2021-04-02',2,1,1,1,'2021-04-02 22:13:16','2021-04-02 22:13:16'),(55,52,'2021-04-05',2,1,1,1,'2021-04-05 17:07:40','2021-04-05 17:07:40'),(56,53,'2021-04-05',2,1,1,1,'2021-04-05 17:08:35','2021-04-05 17:08:35'),(57,54,'2021-04-05',2,1,1,1,'2021-04-05 17:09:59','2021-04-05 17:09:59'),(58,55,'2021-04-05',2,1,1,1,'2021-04-05 17:10:30','2021-04-05 17:10:30'),(59,56,'2021-04-05',1,1,1,1,'2021-04-05 19:21:31','2021-04-05 19:21:31'),(60,57,'2021-04-05',3,3,1,1,'2021-04-05 22:04:22','2021-04-05 22:04:22'),(62,59,'2021-04-05',2,1,1,1,'2021-04-05 22:26:21','2021-04-05 22:26:21'),(63,60,'2021-04-05',2,1,1,1,'2021-04-05 22:39:34','2021-04-05 22:39:34'),(64,61,'2021-04-07',2,1,1,1,'2021-04-07 22:14:39','2021-04-07 22:14:39'),(65,62,'2021-04-07',2,1,1,1,'2021-04-07 23:39:18','2021-04-07 23:39:18'),(66,63,'2021-04-07',2,1,1,1,'2021-04-08 00:13:24','2021-04-08 00:13:24'),(67,64,'2021-04-07',1,1,1,1,'2021-04-08 00:13:45','2021-04-08 00:13:45'),(68,65,'2021-04-07',2,1,1,1,'2021-04-08 00:14:46','2021-04-08 00:14:46'),(69,66,'2021-04-07',2,1,1,1,'2021-04-08 00:15:11','2021-04-08 00:15:11'),(70,67,'2021-04-07',2,1,1,1,'2021-04-08 00:19:49','2021-04-08 00:19:49'),(71,68,'2021-04-07',2,1,1,1,'2021-04-08 00:20:38','2021-04-08 00:20:38'),(72,69,'2021-04-06',1,1,1,1,'2021-04-09 12:32:52','2021-04-09 12:32:52'),(73,70,'2021-04-09',1,1,1,1,'2021-04-09 13:39:15','2021-04-09 13:39:15'),(74,71,'2021-04-09',2,1,1,1,'2021-04-09 14:14:42','2021-04-09 14:14:42'),(75,72,'2021-04-09',2,1,1,1,'2021-04-09 15:53:04','2021-04-09 15:53:04'),(76,73,'2021-04-09',3,3,1,1,'2021-04-09 16:27:52','2021-04-09 16:27:52'),(77,74,'2021-04-12',1,1,1,1,'2021-04-12 17:25:36','2021-04-12 17:25:36'),(78,75,'2021-04-12',1,1,1,1,'2021-04-12 17:27:16','2021-04-12 17:27:16'),(79,76,'2021-04-12',2,1,1,1,'2021-04-12 17:30:03','2021-04-12 17:30:03'),(80,77,'2021-04-12',2,1,1,1,'2021-04-12 17:31:09','2021-04-12 17:31:09'),(81,78,'2021-04-12',2,1,1,1,'2021-04-12 18:48:29','2021-04-12 18:48:29'),(82,79,'2021-04-12',1,1,1,1,'2021-04-12 20:46:56','2021-04-12 20:46:56'),(83,80,'2021-04-12',2,1,1,1,'2021-04-12 20:47:40','2021-04-12 20:47:40'),(84,81,'2021-04-12',2,1,1,1,'2021-04-12 20:50:15','2021-04-12 20:50:15'),(85,82,'2021-04-07',3,3,1,1,'2021-04-12 21:51:45','2021-04-12 21:51:45'),(86,83,'2021-04-13',2,1,1,1,'2021-04-13 14:42:05','2021-04-13 14:42:05'),(87,84,'2021-04-13',2,1,1,1,'2021-04-13 14:42:39','2021-04-13 14:42:39'),(90,86,'2021-04-14',2,1,1,1,'2021-04-14 23:11:13','2021-04-14 23:11:13'),(91,87,'2021-04-14',2,1,1,1,'2021-04-14 23:22:56','2021-04-14 23:22:56'),(92,88,'2021-04-14',1,1,1,1,'2021-04-14 23:30:17','2021-04-14 23:30:17'),(93,89,'2021-04-14',2,1,1,1,'2021-04-14 23:39:33','2021-04-14 23:39:33'),(94,90,'2021-04-14',2,1,1,1,'2021-04-14 23:49:10','2021-04-14 23:49:10'),(95,91,'2021-04-14',1,1,1,1,'2021-04-14 23:51:32','2021-04-14 23:51:32'),(96,92,'2021-04-16',1,1,1,1,'2021-04-16 15:00:30','2021-04-16 15:00:30'),(97,93,'2021-04-16',1,1,1,1,'2021-04-16 15:00:51','2021-04-16 15:00:51'),(98,94,'2021-04-16',1,1,1,1,'2021-04-16 19:14:29','2021-04-16 19:14:29'),(99,95,'2021-04-14',3,3,1,1,'2021-04-16 19:17:35','2021-04-16 19:17:35'),(102,97,'2021-04-19',2,1,1,1,'2021-04-19 23:16:46','2021-04-19 23:16:46'),(103,98,'2021-04-19',2,1,1,1,'2021-04-19 23:35:42','2021-04-19 23:35:42'),(104,99,'2021-04-19',2,1,1,1,'2021-04-20 00:02:42','2021-04-20 00:02:42'),(105,100,'2021-04-19',1,1,1,1,'2021-04-20 00:03:08','2021-04-20 00:03:08'),(106,101,'2021-04-19',2,1,1,1,'2021-04-20 00:03:27','2021-04-20 00:03:27'),(107,102,'2021-04-19',1,1,1,1,'2021-04-20 00:03:58','2021-04-20 00:03:58'),(108,103,'2021-04-19',2,1,1,1,'2021-04-20 00:04:17','2021-04-20 00:04:17'),(109,104,'2021-04-20',2,1,1,1,'2021-04-20 17:07:35','2021-04-20 17:07:35'),(110,105,'2021-04-19',3,3,1,1,'2021-04-21 16:58:55','2021-04-21 16:58:55'),(111,106,'2021-04-20',3,3,1,1,'2021-04-21 16:59:23','2021-04-21 16:59:23'),(112,107,'2021-04-21',3,3,1,1,'2021-04-21 16:59:56','2021-04-21 16:59:56'),(113,108,'2021-04-21',1,1,1,1,'2021-04-21 18:25:26','2021-04-21 18:25:26'),(114,109,'2021-04-21',1,1,1,1,'2021-04-21 19:11:23','2021-04-21 19:11:23'),(115,110,'2021-04-21',2,1,1,1,'2021-04-21 23:37:34','2021-04-21 23:37:34'),(116,111,'2021-04-21',2,1,1,1,'2021-04-21 23:37:57','2021-04-21 23:37:57'),(117,112,'2021-04-21',1,1,1,1,'2021-04-21 23:38:31','2021-04-21 23:38:31'),(118,113,'2021-04-21',1,1,1,1,'2021-04-21 23:39:01','2021-04-21 23:39:01'),(119,114,'2021-04-21',3,3,1,1,'2021-04-23 05:23:49','2021-04-23 05:23:49'),(120,115,'2021-04-22',3,3,1,1,'2021-04-23 05:40:47','2021-04-23 05:40:47'),(121,116,'2021-04-23',2,1,1,1,'2021-04-23 21:11:30','2021-04-23 21:11:30'),(126,120,'2021-04-22',3,3,1,1,'2021-04-23 21:30:08','2021-04-23 21:30:08'),(127,121,'2021-04-21',3,3,1,1,'2021-04-23 21:32:26','2021-04-23 21:32:26'),(128,122,'2021-04-21',3,3,1,1,'2021-04-23 21:33:26','2021-04-23 21:33:26'),(130,123,'2021-04-23',1,1,1,1,'2021-04-23 21:35:55','2021-04-23 21:35:55'),(131,124,'2021-04-22',3,3,1,1,'2021-04-23 21:36:27','2021-04-23 21:36:27'),(132,125,'2021-04-22',3,3,1,1,'2021-04-23 21:38:29','2021-04-23 21:38:29'),(133,126,'2021-04-23',3,3,1,1,'2021-04-23 21:40:12','2021-04-23 21:40:12'),(134,127,'2021-04-21',1,2,1,1,'2021-04-23 21:54:15','2021-04-23 21:54:15'),(135,127,'2021-04-22',2,2,1,1,'2021-04-23 21:54:26','2021-04-23 21:54:26'),(136,127,'2021-04-23',2,2,1,1,'2021-04-23 21:54:35','2021-04-23 21:54:35'),(137,128,'2021-04-22',1,2,1,1,'2021-04-23 21:55:23','2021-04-23 21:55:23'),(138,128,'2021-04-23',2,2,1,1,'2021-04-23 21:55:33','2021-04-23 21:55:33'),(139,129,'2021-04-14',2,1,1,1,'2021-04-23 22:01:48','2021-04-23 22:01:48'),(141,130,'2021-04-09',2,1,1,1,'2021-04-23 22:13:03','2021-04-23 22:13:03'),(142,130,'2021-04-13',6,3,1,1,'2021-04-23 22:13:19','2021-04-23 22:13:19'),(143,130,'2021-04-13',2,1,1,1,'2021-04-23 22:13:43','2021-04-23 22:13:43'),(144,131,'2021-04-23',2,1,1,1,'2021-04-23 22:17:27','2021-04-23 22:17:27'),(145,131,'2021-04-09',2,1,1,1,'2021-04-23 22:17:42','2021-04-23 22:17:42'),(146,132,'2021-04-06',2,1,1,1,'2021-04-24 21:14:24','2021-04-24 21:14:24'),(148,133,'2021-04-20',2,1,1,1,'2021-04-25 21:01:17','2021-04-25 21:01:17'),(150,113,'2021-04-21',3,3,1,1,'2021-04-26 00:15:38','2021-04-26 00:15:38'),(151,58,'2021-04-05',2,1,1,1,'2021-04-26 05:39:15','2021-04-26 05:39:15'),(152,135,'2021-04-05',2,1,1,1,'2021-04-26 06:17:02','2021-04-26 06:17:02'),(153,136,'2021-03-24',1,1,1,1,'2021-04-26 06:17:35','2021-04-26 06:17:35'),(154,137,'2021-04-26',2,1,1,1,'2021-04-26 19:31:04','2021-04-26 19:31:04'),(155,137,'2021-04-26',2,1,1,1,'2021-04-26 19:31:05','2021-04-26 19:31:05'),(156,138,'2021-04-26',2,1,1,1,'2021-04-26 19:31:21','2021-04-26 19:31:21'),(157,139,'2021-04-26',2,1,1,1,'2021-04-26 19:31:52','2021-04-26 19:31:52'),(158,140,'2021-04-26',2,1,1,1,'2021-04-26 22:16:05','2021-04-26 22:16:05'),(159,141,'2021-04-26',2,1,1,1,'2021-04-26 22:16:30','2021-04-26 22:16:30'),(160,142,'2021-04-27',1,1,1,1,'2021-04-27 16:15:23','2021-04-27 16:15:23'),(161,142,'2021-04-27',1,1,1,1,'2021-04-27 16:15:23','2021-04-27 16:15:23'),(162,143,'2021-04-27',1,1,1,1,'2021-04-27 16:57:53','2021-04-27 16:57:53'),(163,144,'2021-04-27',3,3,1,1,'2021-04-27 18:00:05','2021-04-27 18:00:05'),(165,145,'2021-04-17',2,2,1,1,'2021-04-27 20:15:22','2021-04-27 20:15:22'),(166,145,'2021-04-19',2,2,1,1,'2021-04-27 20:15:38','2021-04-27 20:15:38'),(167,145,'2021-04-20',2,2,1,1,'2021-04-27 20:15:48','2021-04-27 20:15:48'),(168,145,'2021-04-21',2,2,1,1,'2021-04-27 20:16:00','2021-04-27 20:16:00'),(169,145,'2021-04-22',2,2,1,1,'2021-04-27 20:16:10','2021-04-27 20:16:10'),(170,145,'2021-04-23',2,2,1,1,'2021-04-27 20:16:25','2021-04-27 20:16:25'),(171,145,'2021-04-24',2,2,1,1,'2021-04-27 20:16:38','2021-04-27 20:16:38'),(172,145,'2021-04-25',2,2,1,1,'2021-04-27 20:16:53','2021-04-27 20:16:53'),(173,145,'2021-04-26',2,2,1,1,'2021-04-27 20:17:12','2021-04-27 20:17:12'),(174,146,'2021-04-27',2,1,1,1,'2021-04-27 20:53:08','2021-04-27 20:53:08'),(175,147,'2021-04-26',1,1,1,1,'2021-04-27 20:57:21','2021-04-27 20:57:21'),(176,148,'2021-04-26',1,1,1,1,'2021-04-27 21:22:37','2021-04-27 21:22:37'),(177,149,'2021-04-28',2,1,1,1,'2021-04-28 16:41:34','2021-04-28 16:41:34'),(178,150,'2021-04-28',2,1,1,1,'2021-04-28 18:02:03','2021-04-28 18:02:03'),(179,151,'2021-04-28',1,1,1,1,'2021-04-28 19:15:08','2021-04-28 19:15:08'),(180,152,'2021-04-28',1,1,1,1,'2021-04-28 19:21:13','2021-04-28 19:21:13'),(181,153,'2021-04-28',1,1,1,1,'2021-04-28 19:22:03','2021-04-28 19:22:03'),(182,154,'2021-05-03',1,1,1,1,'2021-05-03 13:49:26','2021-05-03 13:49:26'),(183,155,'2021-05-03',1,1,1,1,'2021-05-03 16:42:20','2021-05-03 16:42:20'),(184,156,'2021-05-03',1,1,1,1,'2021-05-03 16:43:03','2021-05-03 16:43:03'),(185,157,'2021-05-03',2,1,1,1,'2021-05-03 16:44:18','2021-05-03 16:44:18'),(186,158,'2021-05-03',2,1,1,1,'2021-05-03 19:56:11','2021-05-03 19:56:11'),(187,159,'2021-05-03',2,1,1,1,'2021-05-03 20:56:32','2021-05-03 20:56:32'),(188,160,'2021-05-03',2,1,1,1,'2021-05-03 21:31:32','2021-05-03 21:31:32'),(189,161,'2021-05-03',2,1,1,1,'2021-05-03 23:44:28','2021-05-03 23:44:28'),(190,162,'2021-05-03',2,1,1,1,'2021-05-04 00:09:39','2021-05-04 00:09:39'),(191,163,'2021-05-03',2,1,1,1,'2021-05-04 00:18:43','2021-05-04 00:18:43'),(192,164,'2021-05-04',2,1,1,1,'2021-05-04 16:29:31','2021-05-04 16:29:31'),(193,165,'2021-05-04',1,1,1,1,'2021-05-04 16:31:03','2021-05-04 16:31:03'),(194,166,'2021-05-04',2,1,1,1,'2021-05-04 16:32:38','2021-05-04 16:32:38'),(195,167,'2021-05-04',2,1,1,1,'2021-05-04 16:32:58','2021-05-04 16:32:58'),(196,168,'2021-05-04',3,3,1,1,'2021-05-04 19:04:38','2021-05-04 19:04:38'),(197,169,'2021-05-04',3,3,1,1,'2021-05-04 19:04:56','2021-05-04 19:04:56'),(198,170,'2021-05-05',1,1,1,1,'2021-05-05 14:12:17','2021-05-05 14:12:17'),(199,171,'2021-05-05',1,1,1,1,'2021-05-05 15:15:20','2021-05-05 15:15:20'),(200,172,'2021-05-05',2,1,1,1,'2021-05-05 16:44:00','2021-05-05 16:44:00'),(202,174,'2021-05-05',2,1,1,1,'2021-05-05 20:59:42','2021-05-05 20:59:42'),(203,175,'2021-05-05',1,1,1,1,'2021-05-05 21:52:23','2021-05-05 21:52:23'),(204,176,'2021-05-05',1,1,1,1,'2021-05-05 22:59:39','2021-05-05 22:59:39'),(205,177,'2021-05-07',1,1,1,1,'2021-05-07 14:46:30','2021-05-07 14:46:30'),(206,178,'2021-05-07',2,1,1,1,'2021-05-07 19:11:48','2021-05-07 19:11:48'),(207,179,'2021-05-07',2,1,1,1,'2021-05-07 19:29:39','2021-05-07 19:29:39'),(208,180,'2021-05-07',2,1,1,1,'2021-05-07 21:13:33','2021-05-07 21:13:33'),(209,181,'2021-05-07',3,3,1,1,'2021-05-07 21:14:00','2021-05-07 21:14:00'),(210,182,'2021-05-07',3,3,1,1,'2021-05-07 21:14:29','2021-05-07 21:14:29'),(211,183,'2021-05-07',3,3,1,1,'2021-05-07 21:14:52','2021-05-07 21:14:52'),(212,184,'2021-05-10',2,1,1,1,'2021-05-10 18:30:04','2021-05-10 18:30:04'),(213,185,'2021-05-10',1,1,1,1,'2021-05-10 18:30:47','2021-05-10 18:30:47'),(215,187,'2021-05-10',2,1,1,1,'2021-05-10 18:31:46','2021-05-10 18:31:46'),(216,188,'2021-05-10',2,1,1,1,'2021-05-10 19:43:29','2021-05-10 19:43:29'),(217,189,'2021-05-10',2,1,1,1,'2021-05-10 20:31:39','2021-05-10 20:31:39'),(218,190,'2021-05-10',2,1,1,1,'2021-05-10 21:33:27','2021-05-10 21:33:27'),(219,191,'2021-05-10',1,1,1,1,'2021-05-10 21:34:03','2021-05-10 21:34:03'),(220,192,'2021-05-11',2,1,1,1,'2021-05-11 15:44:57','2021-05-11 15:44:57'),(221,193,'2021-05-11',2,1,1,1,'2021-05-11 15:45:39','2021-05-11 15:45:39'),(222,194,'2021-05-11',2,1,1,1,'2021-05-11 16:30:59','2021-05-11 16:30:59'),(223,195,'2021-05-12',1,1,1,1,'2021-05-12 18:33:34','2021-05-12 18:33:34'),(224,196,'2021-05-12',1,1,1,1,'2021-05-12 19:26:41','2021-05-12 19:26:41'),(225,197,'2021-05-12',3,3,1,1,'2021-05-12 23:08:51','2021-05-12 23:08:51'),(226,198,'2021-05-12',1,1,1,1,'2021-05-12 23:35:22','2021-05-12 23:35:22'),(227,199,'2021-05-12',1,1,1,1,'2021-05-12 23:58:39','2021-05-12 23:58:39'),(228,200,'2021-05-12',2,1,1,1,'2021-05-13 00:19:02','2021-05-13 00:19:02'),(229,201,'2021-05-12',1,1,1,1,'2021-05-13 00:19:56','2021-05-13 00:19:56'),(230,202,'2021-05-17',1,1,1,1,'2021-05-17 18:19:27','2021-05-17 18:19:27'),(231,203,'2021-05-17',1,1,1,1,'2021-05-17 18:19:50','2021-05-17 18:19:50'),(232,204,'2021-05-17',1,1,1,1,'2021-05-17 18:20:17','2021-05-17 18:20:17'),(233,205,'2021-05-17',2,1,1,1,'2021-05-17 18:20:30','2021-05-17 18:20:30'),(234,206,'2021-05-17',2,1,1,1,'2021-05-17 21:00:41','2021-05-17 21:00:41'),(235,207,'2021-05-17',2,1,1,1,'2021-05-17 22:11:11','2021-05-17 22:11:11'),(236,208,'2021-05-18',2,1,1,1,'2021-05-18 22:50:45','2021-05-18 22:50:45'),(237,209,'2021-05-18',1,1,1,1,'2021-05-18 23:51:59','2021-05-18 23:51:59'),(238,210,'2021-05-18',2,1,1,1,'2021-05-18 23:52:28','2021-05-18 23:52:28'),(239,211,'2021-05-19',1,1,1,1,'2021-05-19 19:36:32','2021-05-19 19:36:32'),(240,212,'2021-05-19',1,1,1,1,'2021-05-19 20:15:50','2021-05-19 20:15:50'),(241,213,'2021-05-19',2,1,1,1,'2021-05-19 22:35:50','2021-05-19 22:35:50'),(242,214,'2021-05-19',1,1,1,1,'2021-05-19 23:16:46','2021-05-19 23:16:46'),(243,215,'2021-05-19',1,1,1,1,'2021-05-19 23:58:48','2021-05-19 23:58:48'),(244,216,'2021-05-21',3,3,1,1,'2021-05-21 20:19:01','2021-05-21 20:19:01'),(245,217,'2021-05-21',1,1,1,1,'2021-05-21 21:22:41','2021-05-21 21:22:41'),(246,218,'2021-05-21',1,1,1,1,'2021-05-21 21:23:02','2021-05-21 21:23:02'),(247,219,'2021-05-21',2,1,1,1,'2021-05-21 21:23:20','2021-05-21 21:23:20'),(248,220,'2021-05-21',2,1,1,1,'2021-05-21 21:23:42','2021-05-21 21:23:42'),(249,221,'2021-05-24',2,1,1,1,'2021-05-24 20:55:14','2021-05-24 20:55:14'),(250,222,'2021-05-24',2,1,1,1,'2021-05-24 21:12:01','2021-05-24 21:12:01'),(251,223,'2021-05-24',2,1,1,1,'2021-05-24 21:24:12','2021-05-24 21:24:12'),(253,224,'2021-05-24',2,1,1,1,'2021-05-24 21:53:31','2021-05-24 21:53:31'),(254,225,'2021-05-26',2,1,1,1,'2021-05-26 12:17:22','2021-05-26 12:17:22'),(258,229,'2021-05-26',2,1,1,1,'2021-05-26 14:21:05','2021-05-26 14:21:05'),(259,230,'2021-05-26',1,1,1,1,'2021-05-26 16:36:04','2021-05-26 16:36:04'),(260,231,'2021-05-26',1,1,1,1,'2021-05-26 18:45:02','2021-05-26 18:45:02'),(261,232,'2021-05-26',2,1,1,1,'2021-05-26 22:29:09','2021-05-26 22:29:09'),(262,233,'2021-05-26',2,1,1,1,'2021-05-26 22:30:07','2021-05-26 22:30:07'),(263,234,'2021-05-19',3,3,1,1,'2021-05-27 16:43:19','2021-05-27 16:43:19'),(264,234,'2021-05-19',3,3,1,1,'2021-05-27 16:43:19','2021-05-27 16:43:19'),(265,235,'2021-05-19',3,3,1,1,'2021-05-27 16:43:54','2021-05-27 16:43:54'),(266,236,'2021-05-20',3,3,1,1,'2021-05-27 16:44:28','2021-05-27 16:44:28'),(267,237,'2021-05-20',3,3,1,1,'2021-05-27 16:44:51','2021-05-27 16:44:51'),(268,238,'2021-05-20',3,3,1,1,'2021-05-27 16:45:18','2021-05-27 16:45:18'),(269,239,'2021-05-25',2,2,1,1,'2021-05-27 16:45:48','2021-05-27 16:45:48'),(270,239,'2021-05-25',3,3,1,1,'2021-05-27 16:46:01','2021-05-27 16:46:01'),(271,239,'2021-05-26',2,2,1,1,'2021-05-27 16:46:13','2021-05-27 16:46:13'),(272,240,'2021-05-26',3,3,1,1,'2021-05-27 16:46:38','2021-05-27 16:46:38'),(273,241,'2021-05-26',3,3,1,1,'2021-05-27 16:46:59','2021-05-27 16:46:59'),(274,242,'2021-05-27',3,3,1,1,'2021-05-27 16:47:17','2021-05-27 16:47:17'),(275,243,'2021-05-25',2,1,1,1,'2021-05-27 17:35:27','2021-05-27 17:35:27'),(276,244,'2021-05-25',2,1,1,1,'2021-05-27 17:36:56','2021-05-27 17:36:56'),(277,245,'2021-05-25',2,1,1,1,'2021-05-27 17:38:07','2021-05-27 17:38:07'),(278,246,'2021-05-28',2,1,1,1,'2021-05-28 13:39:03','2021-05-28 13:39:03'),(279,247,'2021-05-28',1,1,1,1,'2021-05-28 16:20:00','2021-05-28 16:20:00'),(280,248,'2021-05-28',2,1,1,1,'2021-05-28 18:16:06','2021-05-28 18:16:06'),(281,249,'2021-05-28',2,1,1,1,'2021-05-28 18:16:32','2021-05-28 18:16:32'),(282,250,'2021-06-01',2,1,1,1,'2021-06-01 18:56:47','2021-06-01 18:56:47'),(283,251,'2021-06-01',2,1,1,1,'2021-06-01 23:52:23','2021-06-01 23:52:23'),(284,252,'2021-06-01',2,1,1,1,'2021-06-01 23:52:53','2021-06-01 23:52:53'),(285,253,'2021-06-02',2,1,1,1,'2021-06-02 18:28:55','2021-06-02 18:28:55'),(286,254,'2021-06-02',2,1,1,1,'2021-06-02 18:29:14','2021-06-02 18:29:14'),(287,255,'2021-06-02',1,1,1,1,'2021-06-02 18:29:49','2021-06-02 18:29:49'),(288,256,'2021-06-02',1,1,1,1,'2021-06-02 18:30:12','2021-06-02 18:30:12'),(289,257,'2021-06-02',1,1,1,1,'2021-06-02 19:53:27','2021-06-02 19:53:27'),(290,258,'2021-06-04',2,1,1,1,'2021-06-04 16:32:17','2021-06-04 16:32:17'),(291,259,'2021-06-04',2,1,1,0,'2021-06-04 16:33:24','2021-06-04 16:33:24'),(292,260,'2021-06-04',1,1,1,1,'2021-06-04 18:03:41','2021-06-04 18:03:41'),(293,261,'2021-06-04',1,1,1,1,'2021-06-04 18:56:30','2021-06-04 18:56:30'),(294,262,'2021-06-04',1,1,1,1,'2021-06-04 18:57:12','2021-06-04 18:57:12'),(295,263,'2021-06-07',2,1,1,1,'2021-06-07 18:43:12','2021-06-07 18:43:12'),(296,264,'2021-06-07',2,1,1,1,'2021-06-07 19:09:38','2021-06-07 19:09:38'),(297,265,'2021-06-07',1,1,1,1,'2021-06-07 21:40:14','2021-06-07 21:40:14'),(298,266,'2021-06-07',2,1,1,1,'2021-06-07 22:15:21','2021-06-07 22:15:21'),(299,267,'2021-06-07',1,1,1,1,'2021-06-07 22:19:47','2021-06-07 22:19:47'),(300,268,'2021-06-07',2,1,1,1,'2021-06-07 22:21:08','2021-06-07 22:21:08'),(301,269,'2021-06-07',2,1,1,1,'2021-06-07 22:21:45','2021-06-07 22:21:45'),(302,270,'2021-06-07',2,1,1,1,'2021-06-07 22:23:36','2021-06-07 22:23:36'),(303,271,'2021-06-07',2,1,1,1,'2021-06-07 22:23:58','2021-06-07 22:23:58'),(304,272,'2021-06-08',2,1,1,1,'2021-06-08 18:05:26','2021-06-08 18:05:26'),(305,273,'2021-06-08',1,1,1,1,'2021-06-08 18:06:22','2021-06-08 18:06:22'),(306,274,'2021-06-08',2,1,1,1,'2021-06-08 18:06:48','2021-06-08 18:06:48'),(307,275,'2021-06-09',2,1,1,1,'2021-06-09 23:29:15','2021-06-09 23:29:15'),(308,276,'2021-06-09',1,1,1,1,'2021-06-09 23:30:01','2021-06-09 23:30:01'),(309,277,'2021-06-09',2,1,1,1,'2021-06-09 23:31:24','2021-06-09 23:31:24'),(310,278,'2021-06-09',2,1,1,1,'2021-06-09 23:32:11','2021-06-09 23:32:11'),(311,279,'2021-06-09',2,1,1,1,'2021-06-09 23:32:52','2021-06-09 23:32:52'),(312,280,'2021-06-09',2,1,1,1,'2021-06-09 23:34:39','2021-06-09 23:34:39'),(313,281,'2021-06-09',2,1,1,1,'2021-06-09 23:35:48','2021-06-09 23:35:48'),(314,282,'2021-06-09',1,1,1,1,'2021-06-09 23:40:24','2021-06-09 23:40:24'),(315,283,'2021-06-11',2,1,1,1,'2021-06-11 13:51:43','2021-06-11 13:51:43'),(316,284,'2021-06-11',1,1,0,1,'2021-06-11 19:45:55','2021-06-11 19:45:55'),(317,285,'2021-06-11',2,1,1,1,'2021-06-11 19:47:21','2021-06-11 19:47:21'),(318,286,'2021-06-11',2,1,1,1,'2021-06-11 20:38:04','2021-06-11 20:38:04'),(319,287,'2021-06-11',1,1,1,1,'2021-06-11 20:39:37','2021-06-11 20:39:37'),(320,288,'2021-06-14',1,1,1,1,'2021-06-14 20:33:41','2021-06-14 20:33:41'),(321,289,'2021-06-14',1,1,1,1,'2021-06-14 20:34:09','2021-06-14 20:34:09'),(322,290,'2021-06-14',1,1,1,1,'2021-06-14 20:34:29','2021-06-14 20:34:29'),(323,291,'2021-06-14',2,1,1,1,'2021-06-14 20:34:56','2021-06-14 20:34:56'),(324,292,'2021-06-14',2,1,1,1,'2021-06-14 20:35:18','2021-06-14 20:35:18'),(325,293,'2021-06-14',2,1,1,1,'2021-06-14 20:35:39','2021-06-14 20:35:39'),(326,294,'2021-06-14',2,1,1,1,'2021-06-14 20:36:09','2021-06-14 20:36:09'),(327,295,'2021-06-14',2,1,1,1,'2021-06-14 20:36:38','2021-06-14 20:36:38'),(330,298,'2021-05-29',2,2,1,1,'2021-06-14 21:25:52','2021-06-14 21:25:52'),(331,298,'2021-05-31',2,2,1,1,'2021-06-14 21:26:08','2021-06-14 21:26:08'),(332,299,'2021-05-29',2,2,1,1,'2021-06-14 21:26:40','2021-06-14 21:26:40'),(333,299,'2021-05-31',2,2,1,1,'2021-06-14 21:27:20','2021-06-14 21:27:20'),(334,300,'2021-05-31',1,2,1,1,'2021-06-14 21:27:57','2021-06-14 21:27:57'),(335,300,'2021-06-11',3,3,1,1,'2021-06-14 21:28:10','2021-06-14 21:28:10'),(337,301,'2021-06-14',3,3,1,1,'2021-06-14 21:29:40','2021-06-14 21:29:40'),(338,302,'2021-06-11',3,3,1,1,'2021-06-14 21:30:13','2021-06-14 21:30:13'),(339,303,'2021-06-09',3,3,1,1,'2021-06-14 21:30:51','2021-06-14 21:30:51'),(340,304,'2021-06-09',3,3,1,1,'2021-06-14 21:31:34','2021-06-14 21:31:34'),(341,305,'2021-06-08',3,3,1,1,'2021-06-14 21:32:07','2021-06-14 21:32:07'),(342,306,'2021-06-08',3,3,1,1,'2021-06-14 21:32:41','2021-06-14 21:32:41'),(343,307,'2021-06-02',3,3,1,1,'2021-06-14 21:33:33','2021-06-14 21:33:33'),(344,308,'2021-06-15',1,1,1,1,'2021-06-15 14:58:02','2021-06-15 14:58:02'),(345,309,'2021-06-15',3,3,1,1,'2021-06-15 19:41:15','2021-06-15 19:41:15'),(346,310,'2021-06-15',1,1,1,1,'2021-06-15 19:42:18','2021-06-15 19:42:18'),(347,311,'2021-06-15',2,1,1,1,'2021-06-15 19:42:40','2021-06-15 19:42:40'),(348,312,'2021-06-16',1,1,1,1,'2021-06-16 13:57:54','2021-06-16 13:57:54'),(349,313,'2021-06-16',1,1,1,1,'2021-06-16 14:56:25','2021-06-16 14:56:25'),(350,314,'2021-06-16',2,1,1,1,'2021-06-16 18:16:25','2021-06-16 18:16:25'),(351,315,'2021-06-16',2,1,1,1,'2021-06-16 19:50:45','2021-06-16 19:50:45'),(352,316,'2021-06-16',2,1,1,1,'2021-06-16 19:51:24','2021-06-16 19:51:24'),(353,317,'2021-06-16',2,1,1,1,'2021-06-16 19:52:04','2021-06-16 19:52:04'),(354,318,'2021-06-18',1,1,1,1,'2021-06-18 19:39:44','2021-06-18 19:39:44'),(355,319,'2021-06-18',2,1,1,1,'2021-06-18 19:40:01','2021-06-18 19:40:01'),(356,320,'2021-06-18',2,1,1,1,'2021-06-18 19:40:59','2021-06-18 19:40:59'),(357,321,'2021-06-18',2,1,1,1,'2021-06-18 19:41:18','2021-06-18 19:41:18'),(361,325,'2021-06-21',2,1,1,1,'2021-06-21 19:59:34','2021-06-21 19:59:34'),(362,326,'2021-06-21',2,1,1,1,'2021-06-21 20:34:23','2021-06-21 20:34:23'),(363,327,'2021-06-21',2,1,1,1,'2021-06-21 20:47:05','2021-06-21 20:47:05'),(364,328,'2021-06-21',1,1,1,1,'2021-06-21 20:47:37','2021-06-21 20:47:37'),(365,329,'2021-06-21',2,1,1,1,'2021-06-21 20:48:02','2021-06-21 20:48:02'),(366,330,'2021-06-21',2,1,1,1,'2021-06-21 20:48:22','2021-06-21 20:48:22'),(367,331,'2021-06-21',2,1,1,1,'2021-06-21 20:49:08','2021-06-21 20:49:08'),(368,332,'2021-06-21',2,1,1,1,'2021-06-21 20:50:25','2021-06-21 20:50:25'),(369,333,'2021-06-22',2,1,1,1,'2021-06-22 17:15:05','2021-06-22 17:15:05'),(370,334,'2021-06-22',2,1,1,1,'2021-06-22 19:22:02','2021-06-22 19:22:02'),(372,336,'2021-06-22',2,1,1,1,'2021-06-23 12:42:34','2021-06-23 12:42:34'),(373,337,'2021-06-23',2,1,1,1,'2021-06-23 17:42:55','2021-06-23 17:42:55'),(374,338,'2021-06-23',2,1,1,0,'2021-06-23 17:43:16','2021-06-23 17:43:16'),(375,339,'2021-06-23',1,1,1,1,'2021-06-23 17:43:42','2021-06-23 17:43:42'),(376,340,'2021-06-23',2,1,1,1,'2021-06-23 17:44:07','2021-06-23 17:44:07'),(377,341,'2021-06-23',2,1,1,1,'2021-06-23 19:43:13','2021-06-23 19:43:13'),(378,342,'2021-06-23',2,1,1,1,'2021-06-23 19:46:00','2021-06-23 19:46:00'),(379,343,'2021-07-06',2,1,1,1,'2021-07-06 15:45:28','2021-07-06 15:45:28'),(380,344,'2021-07-06',2,1,1,1,'2021-07-06 17:08:44','2021-07-06 17:08:44'),(381,345,'2021-07-07',1,1,1,1,'2021-07-07 14:14:53','2021-07-07 14:14:53'),(382,346,'2021-07-07',1,1,1,1,'2021-07-07 15:37:20','2021-07-07 15:37:20'),(383,347,'2021-07-07',2,1,1,1,'2021-07-07 15:41:10','2021-07-07 15:41:10'),(384,348,'2021-07-07',2,1,1,1,'2021-07-07 16:45:48','2021-07-07 16:45:48'),(385,349,'2021-07-07',2,1,1,1,'2021-07-07 16:46:05','2021-07-07 16:46:05'),(386,350,'2021-07-07',2,1,1,1,'2021-07-07 23:13:13','2021-07-07 23:13:13'),(387,351,'2021-07-07',2,1,1,1,'2021-07-07 23:36:29','2021-07-07 23:36:29'),(388,352,'2021-07-07',2,1,1,1,'2021-07-07 23:36:43','2021-07-07 23:36:43'),(389,353,'2021-07-09',2,1,1,1,'2021-07-09 13:25:40','2021-07-09 13:25:40'),(390,354,'2021-07-09',2,1,1,1,'2021-07-09 14:00:18','2021-07-09 14:00:18'),(391,355,'2021-07-09',1,1,1,1,'2021-07-09 16:32:04','2021-07-09 16:32:04'),(393,357,'2021-07-08',3,3,1,1,'2021-07-09 19:10:20','2021-07-09 19:10:20'),(394,358,'2021-07-07',3,3,1,1,'2021-07-09 19:10:48','2021-07-09 19:10:48'),(395,359,'2021-06-16',3,3,1,1,'2021-07-09 19:19:04','2021-07-09 19:19:04'),(396,360,'2021-06-17',3,3,1,1,'2021-07-09 19:19:27','2021-07-09 19:19:27'),(397,361,'2021-06-17',3,3,1,1,'2021-07-09 19:20:00','2021-07-09 19:20:00'),(398,362,'2021-06-18',3,3,1,1,'2021-07-09 19:20:26','2021-07-09 19:20:26'),(401,365,'2021-06-23',2,1,1,1,'2021-07-09 21:02:24','2021-07-09 21:02:24'),(402,366,'2021-07-12',2,1,1,1,'2021-07-12 22:58:13','2021-07-12 22:58:13'),(403,367,'2021-07-12',2,1,1,1,'2021-07-12 22:58:53','2021-07-12 22:58:53'),(404,368,'2021-07-12',2,1,1,1,'2021-07-12 22:59:17','2021-07-12 22:59:17'),(405,369,'2021-07-12',2,1,1,1,'2021-07-12 22:59:37','2021-07-12 22:59:37'),(406,370,'2021-07-12',2,1,1,1,'2021-07-12 22:59:56','2021-07-12 22:59:56'),(408,372,'2021-07-12',2,1,1,1,'2021-07-12 23:00:32','2021-07-12 23:00:32'),(409,373,'2021-07-12',2,1,1,1,'2021-07-12 23:00:49','2021-07-12 23:00:49'),(410,374,'2021-07-13',2,1,1,1,'2021-07-13 15:41:26','2021-07-13 15:41:26'),(411,375,'2021-07-13',2,1,1,1,'2021-07-13 19:25:50','2021-07-13 19:25:50'),(412,323,'2021-07-13',2,1,1,1,'2021-07-13 21:13:18','2021-07-13 21:13:18'),(413,376,'2021-07-14',2,1,1,1,'2021-07-14 16:47:05','2021-07-14 16:47:05'),(414,377,'2021-07-14',1,1,1,0,'2021-07-14 16:47:25','2021-07-14 16:47:25'),(415,378,'2021-07-14',2,1,1,0,'2021-07-14 16:47:48','2021-07-14 16:47:48'),(416,379,'2021-07-14',2,1,1,0,'2021-07-14 21:50:23','2021-07-14 21:50:23'),(417,380,'2021-07-14',1,1,1,1,'2021-07-14 21:51:32','2021-07-14 21:51:32'),(418,381,'2021-07-14',1,1,1,1,'2021-07-14 21:51:59','2021-07-14 21:51:59'),(419,382,'2021-07-16',2,1,1,1,'2021-07-16 20:50:18','2021-07-16 20:50:18'),(420,383,'2021-07-16',2,1,1,1,'2021-07-16 20:50:45','2021-07-16 20:50:45'),(421,384,'2021-07-16',2,1,1,1,'2021-07-16 20:51:06','2021-07-16 20:51:06'),(422,385,'2021-07-19',2,1,1,1,'2021-07-19 20:04:54','2021-07-19 20:04:54'),(423,386,'2021-07-19',2,1,1,1,'2021-07-19 20:31:13','2021-07-19 20:31:13'),(424,387,'2021-07-19',2,1,1,1,'2021-07-19 21:44:10','2021-07-19 21:44:10'),(425,388,'2021-07-19',2,1,1,1,'2021-07-19 21:49:08','2021-07-19 21:49:08'),(426,389,'2021-07-06',3,3,1,1,'2021-07-19 22:38:10','2021-07-19 22:38:10'),(427,390,'2021-07-19',3,3,1,1,'2021-07-19 22:38:35','2021-07-19 22:38:35'),(428,391,'2021-07-19',3,3,1,1,'2021-07-19 22:38:57','2021-07-19 22:38:57'),(429,392,'2021-07-14',1,2,1,1,'2021-07-19 23:05:30','2021-07-19 23:05:30'),(430,393,'2021-07-16',3,3,1,1,'2021-07-19 23:06:05','2021-07-19 23:06:05'),(431,394,'2021-07-19',3,3,1,1,'2021-07-19 23:06:33','2021-07-19 23:06:33'),(432,395,'2021-07-15',3,3,1,1,'2021-07-19 23:07:01','2021-07-19 23:07:01'),(433,396,'2021-07-13',3,3,1,1,'2021-07-19 23:07:45','2021-07-19 23:07:45'),(434,397,'2021-07-20',2,1,1,0,'2021-07-20 18:21:09','2021-07-20 18:21:09'),(435,398,'2021-07-20',1,1,1,1,'2021-07-20 18:21:31','2021-07-20 18:21:31'),(436,399,'2021-07-20',2,1,1,0,'2021-07-20 18:21:49','2021-07-20 18:21:49'),(437,400,'2021-07-20',2,1,1,1,'2021-07-20 18:22:11','2021-07-20 18:22:11'),(438,381,'2021-07-20',2,1,1,1,'2021-07-20 21:41:24','2021-07-20 21:41:24'),(439,401,'2021-07-21',1,1,1,1,'2021-07-21 15:43:37','2021-07-21 15:43:37'),(440,402,'2021-07-21',2,1,1,1,'2021-07-21 15:44:02','2021-07-21 15:44:02'),(441,403,'2021-07-21',1,1,1,1,'2021-07-21 20:04:46','2021-07-21 20:04:46'),(442,404,'2021-07-21',1,1,1,1,'2021-07-21 20:05:33','2021-07-21 20:05:33');
/*!40000 ALTER TABLE `billing` ENABLE KEYS */;
UNLOCK TABLES;

--
-- Table structure for table `billing_type`
--

DROP TABLE IF EXISTS `billing_type`;
/*!40101 SET @saved_cs_client     = @@character_set_client */;
/*!50503 SET character_set_client = utf8mb4 */;
CREATE TABLE `billing_type` (
  `id` tinyint NOT NULL AUTO_INCREMENT,
  `name` varchar(50) NOT NULL,
  PRIMARY KEY (`id`)
) ENGINE=InnoDB AUTO_INCREMENT=7 DEFAULT CHARSET=latin1;
/*!40101 SET character_set_client = @saved_cs_client */;

--
-- Dumping data for table `billing_type`
--

LOCK TABLES `billing_type` WRITE;
/*!40000 ALTER TABLE `billing_type` DISABLE KEYS */;
INSERT INTO `billing_type` VALUES (1,'New Patient'),(2,'Follow-Up'),(3,'EEG'),(4,'Video EEG Day 1'),(5,'Video EEG Continuation'),(6,'Lumbar Puncture');
/*!40000 ALTER TABLE `billing_type` ENABLE KEYS */;
UNLOCK TABLES;

--
-- Table structure for table `category`
--

DROP TABLE IF EXISTS `category`;
/*!40101 SET @saved_cs_client     = @@character_set_client */;
/*!50503 SET character_set_client = utf8mb4 */;
CREATE TABLE `category` (
  `id` tinyint NOT NULL AUTO_INCREMENT,
  `name` varchar(50) NOT NULL,
  PRIMARY KEY (`id`)
) ENGINE=InnoDB AUTO_INCREMENT=4 DEFAULT CHARSET=latin1;
/*!40101 SET character_set_client = @saved_cs_client */;

--
-- Dumping data for table `category`
--

LOCK TABLES `category` WRITE;
/*!40000 ALTER TABLE `category` DISABLE KEYS */;
INSERT INTO `category` VALUES (1,'Office Visit'),(2,'Hospital Visit'),(3,'Procedure');
/*!40000 ALTER TABLE `category` ENABLE KEYS */;
UNLOCK TABLES;

--
-- Table structure for table `category_billing_type`
--

DROP TABLE IF EXISTS `category_billing_type`;
/*!40101 SET @saved_cs_client     = @@character_set_client */;
/*!50503 SET character_set_client = utf8mb4 */;
CREATE TABLE `category_billing_type` (
  `category_id` tinyint NOT NULL,
  `billing_type_id` tinyint NOT NULL,
  PRIMARY KEY (`category_id`,`billing_type_id`),
  KEY `billing_type_id` (`billing_type_id`),
  CONSTRAINT `category_billing_type_ibfk_1` FOREIGN KEY (`category_id`) REFERENCES `category` (`id`),
  CONSTRAINT `category_billing_type_ibfk_2` FOREIGN KEY (`billing_type_id`) REFERENCES `billing_type` (`id`)
) ENGINE=InnoDB DEFAULT CHARSET=latin1;
/*!40101 SET character_set_client = @saved_cs_client */;

--
-- Dumping data for table `category_billing_type`
--

LOCK TABLES `category_billing_type` WRITE;
/*!40000 ALTER TABLE `category_billing_type` DISABLE KEYS */;
INSERT INTO `category_billing_type` VALUES (1,1),(2,1),(1,2),(2,2),(3,3),(3,4),(3,5),(3,6);
/*!40000 ALTER TABLE `category_billing_type` ENABLE KEYS */;
UNLOCK TABLES;

--
-- Table structure for table `ledger_entry`
--

DROP TABLE IF EXISTS `ledger_entry`;
/*!40101 SET @saved_cs_client     = @@character_set_client */;
/*!50503 SET character_set_client = utf8mb4 */;
CREATE TABLE `ledger_entry` (
  `id` int NOT NULL AUTO_INCREMENT,
  `age` smallint NOT NULL,
  `initials` varchar(10) DEFAULT NULL,
  `start_date` date NOT NULL,
  `entry_complete` tinyint(1) DEFAULT '0',
  `created_date` timestamp NOT NULL DEFAULT CURRENT_TIMESTAMP,
  `modified_date` timestamp NOT NULL DEFAULT CURRENT_TIMESTAMP ON UPDATE CURRENT_TIMESTAMP,
  PRIMARY KEY (`id`)
) ENGINE=InnoDB AUTO_INCREMENT=405 DEFAULT CHARSET=latin1;
/*!40101 SET character_set_client = @saved_cs_client */;

--
-- Dumping data for table `ledger_entry`
--

LOCK TABLES `ledger_entry` WRITE;
/*!40000 ALTER TABLE `ledger_entry` DISABLE KEYS */;
INSERT INTO `ledger_entry` VALUES (4,14,'JJ','2021-03-16',1,'2021-03-19 14:10:40','2021-03-19 14:10:40'),(5,3,'DM','2021-03-19',1,'2021-03-19 15:55:48','2021-03-19 15:55:48'),(6,10,'LG','2021-03-19',1,'2021-03-19 15:57:04','2021-03-19 15:57:04'),(7,13,'GF','2021-03-19',1,'2021-03-19 16:37:47','2021-03-19 16:37:47'),(8,17,'MH','2021-03-19',1,'2021-03-19 19:26:58','2021-03-19 19:26:58'),(9,9,'LW','2021-03-19',1,'2021-03-19 19:29:36','2021-03-19 19:29:36'),(10,19,'SR','2021-03-19',1,'2021-03-19 19:30:04','2021-03-19 19:30:04'),(11,1,'JL','2021-03-19',1,'2021-03-20 04:22:10','2021-03-20 04:22:10'),(12,15,'LD','2021-03-24',1,'2021-03-24 18:11:21','2021-03-24 18:11:21'),(13,15,'SM','2021-03-24',1,'2021-03-24 20:04:05','2021-03-24 20:04:05'),(14,2,'DM','2021-03-24',0,'2021-03-24 22:36:50','2021-03-24 22:36:50'),(15,20,'DH','2021-03-19',1,'2021-03-24 22:47:04','2021-03-24 22:47:04'),(16,3,'JV','2021-03-24',1,'2021-03-24 23:58:25','2021-03-24 23:58:25'),(17,5,'JJ','2021-03-25',0,'2021-03-26 03:13:21','2021-03-26 03:13:21'),(18,2,'LGM','2021-03-25',1,'2021-03-26 19:45:59','2021-03-26 19:45:59'),(19,6,'AT','2021-03-26',1,'2021-03-26 19:54:02','2021-03-26 19:54:02'),(20,12,'TJB','2021-03-26',1,'2021-03-26 20:24:01','2021-03-26 20:24:01'),(21,7,'VB','2021-03-26',1,'2021-03-26 20:24:27','2021-03-26 20:24:27'),(22,17,'DR','2021-03-26',1,'2021-03-26 21:03:40','2021-03-26 21:03:40'),(23,12,'EHC','2021-03-26',1,'2021-03-26 22:22:30','2021-03-26 22:22:30'),(24,16,'GC','2021-03-26',1,'2021-03-26 22:23:02','2021-03-26 22:23:02'),(25,6,'AK','2021-03-30',1,'2021-03-30 14:38:11','2021-03-30 14:38:11'),(26,3,'GM','2021-03-30',1,'2021-03-30 15:13:13','2021-03-30 15:13:13'),(27,2,'NW','2021-03-30',1,'2021-03-30 15:57:54','2021-03-30 15:57:54'),(28,1,'MA','2021-03-30',1,'2021-03-30 17:11:00','2021-03-30 17:11:00'),(29,20,'YD','2021-03-30',1,'2021-03-30 23:02:15','2021-03-30 23:02:15'),(30,10,'LGM','2021-03-30',1,'2021-03-30 23:11:51','2021-03-30 23:11:51'),(31,5,'KJ','2021-03-31',1,'2021-03-31 14:34:52','2021-03-31 14:34:52'),(32,5,'BH','2021-03-29',1,'2021-03-31 22:10:32','2021-03-31 22:10:32'),(33,9,'SH','2021-03-29',1,'2021-03-31 22:11:15','2021-03-31 22:11:15'),(34,16,'JS','2021-03-29',0,'2021-03-31 22:12:05','2021-03-31 22:12:05'),(35,11,'AM','2021-03-29',1,'2021-03-31 22:13:14','2021-03-31 22:13:14'),(36,11,'EH','2021-03-29',1,'2021-03-31 22:13:41','2021-03-31 22:13:41'),(37,16,'JS','2021-03-29',1,'2021-03-31 22:17:00','2021-03-31 22:17:00'),(38,11,'AM','2021-03-29',1,'2021-03-31 22:17:41','2021-03-31 22:17:41'),(39,9,'MC','2021-03-31',1,'2021-03-31 22:46:48','2021-03-31 22:46:48'),(40,5,'BR','2021-03-31',1,'2021-03-31 23:11:45','2021-03-31 23:11:45'),(41,14,'AF','2021-03-31',1,'2021-03-31 23:52:29','2021-03-31 23:52:29'),(42,13,'CB','2021-03-31',0,'2021-03-31 23:53:07','2021-03-31 23:53:07'),(43,13,'CB','2021-03-31',1,'2021-03-31 23:53:49','2021-03-31 23:53:49'),(44,13,'FR','2021-04-02',1,'2021-04-02 16:20:50','2021-04-02 16:20:50'),(45,2,'NW','2021-04-02',1,'2021-04-02 17:13:48','2021-04-02 17:13:48'),(46,6,'DGG','2021-04-02',1,'2021-04-02 17:14:17','2021-04-02 17:14:17'),(47,19,'GGU','2021-04-02',1,'2021-04-02 17:14:41','2021-04-02 17:14:41'),(48,1,'DMH','2021-04-02',1,'2021-04-02 21:41:23','2021-04-02 21:41:23'),(49,3,'GRJ','2021-04-02',1,'2021-04-02 21:50:42','2021-04-02 21:50:42'),(50,5,'CAC','2021-04-02',1,'2021-04-02 22:10:07','2021-04-02 22:10:07'),(51,5,'SR','2021-04-02',1,'2021-04-02 22:13:16','2021-04-02 22:13:16'),(52,11,'DK','2021-04-05',1,'2021-04-05 17:07:40','2021-04-05 17:07:40'),(53,7,'EH','2021-04-05',1,'2021-04-05 17:08:34','2021-04-05 17:08:34'),(54,8,'TM','2021-04-05',1,'2021-04-05 17:09:59','2021-04-05 17:09:59'),(55,12,'JS','2021-04-05',1,'2021-04-05 17:10:30','2021-04-05 17:10:30'),(56,8,'JC','2021-04-05',1,'2021-04-05 19:21:31','2021-04-05 19:21:31'),(57,9,'GF','2021-04-05',1,'2021-04-05 22:04:22','2021-04-05 22:04:22'),(58,8,'EG','2021-04-05',1,'2021-04-05 22:15:58','2021-04-05 22:15:58'),(59,8,'EG','2021-04-05',1,'2021-04-05 22:26:21','2021-04-05 22:26:21'),(60,11,'AM','2021-04-05',1,'2021-04-05 22:39:34','2021-04-05 22:39:34'),(61,6,'KK','2021-04-07',1,'2021-04-07 22:14:38','2021-04-07 22:14:38'),(62,13,'SA','2021-04-07',1,'2021-04-07 23:39:18','2021-04-07 23:39:18'),(63,9,'GF','2021-04-07',1,'2021-04-08 00:13:24','2021-04-08 00:13:24'),(64,17,'SC','2021-04-07',1,'2021-04-08 00:13:45','2021-04-08 00:13:45'),(65,17,'DS','2021-04-07',1,'2021-04-08 00:14:46','2021-04-08 00:14:46'),(66,16,'SC','2021-04-07',1,'2021-04-08 00:15:11','2021-04-08 00:15:11'),(67,14,'MD','2021-04-07',1,'2021-04-08 00:19:49','2021-04-08 00:19:49'),(68,16,'PC','2021-04-07',1,'2021-04-08 00:20:30','2021-04-08 00:20:30'),(69,0,'CP','2021-04-06',1,'2021-04-09 12:32:52','2021-04-09 12:32:52'),(70,0,'SM','2021-04-09',1,'2021-04-09 13:39:15','2021-04-09 13:39:15'),(71,6,'AG','2021-04-09',1,'2021-04-09 14:14:42','2021-04-09 14:14:42'),(72,19,'SM','2021-04-09',1,'2021-04-09 15:53:04','2021-04-09 15:53:04'),(73,10,'ARD','2021-04-09',1,'2021-04-09 16:27:52','2021-04-09 16:27:52'),(74,1,'LP','2021-04-12',1,'2021-04-12 17:25:36','2021-04-12 17:25:36'),(75,13,'LC','2021-04-12',1,'2021-04-12 17:27:16','2021-04-12 17:27:16'),(76,2,'GDK','2021-04-12',1,'2021-04-12 17:30:03','2021-04-12 17:30:03'),(77,15,'CO','2021-04-12',1,'2021-04-12 17:31:09','2021-04-12 17:31:09'),(78,11,'TM','2021-04-12',1,'2021-04-12 18:48:29','2021-04-12 18:48:29'),(79,8,'LW','2021-04-12',1,'2021-04-12 20:46:56','2021-04-12 20:46:56'),(80,10,'SL','2021-04-12',1,'2021-04-12 20:47:40','2021-04-12 20:47:40'),(81,13,'NG','2021-04-12',1,'2021-04-12 20:50:15','2021-04-12 20:50:15'),(82,0,'AP','2021-04-07',1,'2021-04-12 21:51:45','2021-04-12 21:51:45'),(83,11,'IT','2021-04-13',1,'2021-04-13 14:42:04','2021-04-13 14:42:04'),(84,15,'JM','2021-04-13',1,'2021-04-13 14:42:39','2021-04-13 14:42:39'),(85,10,'IS','2021-04-13',0,'2021-04-14 03:38:01','2021-04-14 03:38:01'),(86,17,'AN','2021-04-14',1,'2021-04-14 23:11:13','2021-04-14 23:11:13'),(87,6,'DGG','2021-04-14',1,'2021-04-14 23:22:56','2021-04-14 23:22:56'),(88,9,'JS','2021-04-14',1,'2021-04-14 23:30:17','2021-04-14 23:30:17'),(89,13,'JC','2021-04-14',1,'2021-04-14 23:39:33','2021-04-14 23:39:33'),(90,13,'NE','2021-04-14',1,'2021-04-14 23:49:05','2021-04-14 23:49:05'),(91,8,'KW','2021-04-14',1,'2021-04-14 23:51:31','2021-04-14 23:51:31'),(92,0,'OD','2021-04-16',1,'2021-04-16 15:00:30','2021-04-16 15:00:30'),(93,1,'CM','2021-04-16',1,'2021-04-16 15:00:51','2021-04-16 15:00:51'),(94,13,'WN','2021-04-16',1,'2021-04-16 19:14:29','2021-04-16 19:14:29'),(95,14,'LB','2021-04-14',1,'2021-04-16 19:17:35','2021-04-16 19:17:35'),(96,10,'SA','2021-04-13',0,'2021-04-16 19:18:02','2021-04-16 19:18:02'),(97,16,'BB','2021-04-19',1,'2021-04-19 23:16:46','2021-04-19 23:16:46'),(98,8,'EN','2021-04-19',1,'2021-04-19 23:35:42','2021-04-19 23:35:42'),(99,18,'LMDS','2021-04-19',1,'2021-04-20 00:02:42','2021-04-20 00:02:42'),(100,3,'JK','2021-04-19',1,'2021-04-20 00:03:08','2021-04-20 00:03:08'),(101,1,'CD','2021-04-19',1,'2021-04-20 00:03:27','2021-04-20 00:03:27'),(102,7,'TR','2021-04-19',1,'2021-04-20 00:03:58','2021-04-20 00:03:58'),(103,13,'MM','2021-04-19',1,'2021-04-20 00:04:16','2021-04-20 00:04:16'),(104,12,'JC','2021-04-20',1,'2021-04-20 17:07:35','2021-04-20 17:07:35'),(105,4,'MX','2021-04-19',1,'2021-04-21 16:58:55','2021-04-21 16:58:55'),(106,9,'LAB','2021-04-20',1,'2021-04-21 16:59:23','2021-04-21 16:59:23'),(107,12,'RMP','2021-04-21',1,'2021-04-21 16:59:55','2021-04-21 16:59:55'),(108,14,'CG','2021-04-21',1,'2021-04-21 18:25:26','2021-04-21 18:25:26'),(109,7,'JP','2021-04-21',1,'2021-04-21 19:11:23','2021-04-21 19:11:23'),(110,3,'SMC','2021-04-21',1,'2021-04-21 23:37:34','2021-04-21 23:37:34'),(111,19,'AF','2021-04-21',1,'2021-04-21 23:37:57','2021-04-21 23:37:57'),(112,6,'JR','2021-04-21',1,'2021-04-21 23:38:31','2021-04-21 23:38:31'),(113,0,'IF','2021-04-21',1,'2021-04-21 23:39:01','2021-04-21 23:39:01'),(114,14,'MK','2021-04-21',1,'2021-04-23 05:23:49','2021-04-23 05:23:49'),(115,8,'DP','2021-04-22',1,'2021-04-23 05:40:43','2021-04-23 05:40:43'),(116,9,'EC','2021-04-23',1,'2021-04-23 21:11:30','2021-04-23 21:11:30'),(117,0,'GMC','2021-04-23',0,'2021-04-23 21:12:10','2021-04-23 21:12:10'),(118,0,'IF','2021-04-23',0,'2021-04-23 21:13:27','2021-04-23 21:13:27'),(119,14,'MK','2021-04-23',1,'2021-04-23 21:28:41','2021-04-23 21:28:41'),(120,8,'DL','2021-04-22',1,'2021-04-23 21:30:04','2021-04-23 21:30:04'),(121,14,'MK','2021-04-21',1,'2021-04-23 21:32:23','2021-04-23 21:32:23'),(122,0,'IF','2021-04-21',1,'2021-04-23 21:33:26','2021-04-23 21:33:26'),(123,14,'GD','2021-04-23',1,'2021-04-23 21:35:55','2021-04-23 21:35:55'),(124,8,'DL','2021-04-22',1,'2021-04-23 21:36:27','2021-04-23 21:36:27'),(125,8,'GR','2021-04-22',1,'2021-04-23 21:38:29','2021-04-23 21:38:29'),(126,13,'FSR','2021-04-23',1,'2021-04-23 21:40:12','2021-04-23 21:40:12'),(127,10,'MS','2021-04-21',1,'2021-04-23 21:54:15','2021-04-23 21:54:15'),(128,2,'AWL','2021-04-22',1,'2021-04-23 21:55:23','2021-04-23 21:55:23'),(129,11,'AM','2021-04-14',1,'2021-04-23 22:01:48','2021-04-23 22:01:48'),(130,10,'IS','2021-04-09',1,'2021-04-23 22:13:03','2021-04-23 22:13:03'),(131,0,'GMC','2021-04-23',1,'2021-04-23 22:17:26','2021-04-23 22:17:26'),(132,2,'JB ','2021-04-06',1,'2021-04-24 21:14:24','2021-04-24 21:14:24'),(133,1,'AP','2021-04-20',1,'2021-04-25 21:01:17','2021-04-25 21:01:17'),(134,15,'JM','2021-04-16',0,'2021-04-25 22:53:15','2021-04-25 22:53:15'),(135,17,'KD','2021-04-05',1,'2021-04-26 06:17:01','2021-04-26 06:17:01'),(136,7,'PD','2021-03-24',1,'2021-04-26 06:17:35','2021-04-26 06:17:35'),(137,7,'GG','2021-04-26',1,'2021-04-26 19:31:04','2021-04-26 19:31:04'),(138,11,'JM','2021-04-26',1,'2021-04-26 19:31:20','2021-04-26 19:31:20'),(139,8,'JM','2021-04-26',1,'2021-04-26 19:31:52','2021-04-26 19:31:52'),(140,17,'AF','2021-04-26',1,'2021-04-26 22:16:04','2021-04-26 22:16:04'),(141,5,'LW','2021-04-26',1,'2021-04-26 22:16:30','2021-04-26 22:16:30'),(142,8,'RS','2021-04-27',1,'2021-04-27 16:15:22','2021-04-27 16:15:22'),(143,15,'JB','2021-04-27',1,'2021-04-27 16:57:53','2021-04-27 16:57:53'),(144,1,'SH','2021-04-27',1,'2021-04-27 18:00:05','2021-04-27 18:00:05'),(145,0,'YW','2021-04-17',1,'2021-04-27 20:15:22','2021-04-27 20:15:22'),(146,9,'SH','2021-04-27',1,'2021-04-27 20:53:08','2021-04-27 20:53:08'),(147,8,'RW','2021-04-26',1,'2021-04-27 20:57:21','2021-04-27 20:57:21'),(148,18,'JS','2021-04-26',1,'2021-04-27 21:22:37','2021-04-27 21:22:37'),(149,11,'KJ','2021-04-28',1,'2021-04-28 16:41:34','2021-04-28 16:41:34'),(150,2,'JB','2021-04-28',1,'2021-04-28 18:02:03','2021-04-28 18:02:03'),(151,17,'RP','2021-04-28',1,'2021-04-28 19:15:08','2021-04-28 19:15:08'),(152,17,'DP','2021-04-28',1,'2021-04-28 19:21:13','2021-04-28 19:21:13'),(153,0,'SC','2021-04-28',1,'2021-04-28 19:22:03','2021-04-28 19:22:03'),(154,0,'MF','2021-05-03',1,'2021-05-03 13:49:26','2021-05-03 13:49:26'),(155,2,'NY','2021-05-03',1,'2021-05-03 16:42:17','2021-05-03 16:42:17'),(156,16,'YW','2021-05-03',1,'2021-05-03 16:43:03','2021-05-03 16:43:03'),(157,7,'SS','2021-05-03',1,'2021-05-03 16:44:18','2021-05-03 16:44:18'),(158,0,'IF','2021-05-03',1,'2021-05-03 19:56:11','2021-05-03 19:56:11'),(159,7,'VB','2021-05-03',1,'2021-05-03 20:56:32','2021-05-03 20:56:32'),(160,12,'LC','2021-05-03',1,'2021-05-03 21:31:32','2021-05-03 21:31:32'),(161,3,'MB','2021-05-03',1,'2021-05-03 23:44:28','2021-05-03 23:44:28'),(162,10,'IS','2021-05-03',1,'2021-05-04 00:09:39','2021-05-04 00:09:39'),(163,10,'JA','2021-05-03',1,'2021-05-04 00:18:42','2021-05-04 00:18:42'),(164,3,'PM','2021-05-04',1,'2021-05-04 16:29:31','2021-05-04 16:29:31'),(165,15,'AS','2021-05-04',1,'2021-05-04 16:30:57','2021-05-04 16:30:57'),(166,9,'JK','2021-05-04',1,'2021-05-04 16:32:38','2021-05-04 16:32:38'),(167,12,'JK','2021-05-04',1,'2021-05-04 16:32:58','2021-05-04 16:32:58'),(168,15,'JT','2021-05-04',1,'2021-05-04 19:04:38','2021-05-04 19:04:38'),(169,13,'JC','2021-05-04',1,'2021-05-04 19:04:55','2021-05-04 19:04:55'),(170,12,'IF','2021-05-05',1,'2021-05-05 14:12:17','2021-05-05 14:12:17'),(171,7,'AG','2021-05-05',1,'2021-05-05 15:15:20','2021-05-05 15:15:20'),(172,1,'FSQ','2021-05-05',1,'2021-05-05 16:44:00','2021-05-05 16:44:00'),(173,15,'NC','2021-05-05',0,'2021-05-05 16:44:30','2021-05-05 16:44:30'),(174,7,'KY','2021-05-05',1,'2021-05-05 20:59:37','2021-05-05 20:59:37'),(175,12,'OO','2021-05-05',1,'2021-05-05 21:52:23','2021-05-05 21:52:23'),(176,12,'MR','2021-05-05',1,'2021-05-05 22:59:39','2021-06-03 02:22:15'),(177,15,'AP','2021-05-07',1,'2021-05-07 14:46:30','2021-05-07 14:46:30'),(178,15,'JM','2021-05-07',1,'2021-05-07 19:11:48','2021-05-07 19:11:48'),(179,12,'JW','2021-05-07',1,'2021-05-07 19:29:39','2021-05-07 19:29:39'),(180,5,'CAC','2021-05-07',1,'2021-05-07 21:13:33','2021-05-07 21:13:33'),(181,15,'SM','2021-05-07',1,'2021-05-07 21:14:00','2021-05-07 21:14:00'),(182,12,'TJB','2021-05-07',1,'2021-05-07 21:14:29','2021-05-07 21:14:29'),(183,4,'SRV','2021-05-07',1,'2021-05-07 21:14:52','2021-05-07 21:14:52'),(184,8,'CF','2021-05-10',1,'2021-05-10 18:30:04','2021-05-10 18:30:04'),(185,5,'OW','2021-05-10',1,'2021-05-10 18:30:47','2021-05-10 18:30:47'),(186,13,'JC','2021-05-10',1,'2021-05-10 18:31:20','2021-05-10 18:31:20'),(187,5,'LR','2021-05-10',1,'2021-05-10 18:31:46','2021-05-10 18:31:46'),(188,11,'AM','2021-05-10',1,'2021-05-10 19:43:29','2021-05-10 19:43:29'),(189,14,'MG','2021-05-10',1,'2021-05-10 20:31:39','2021-05-10 20:31:39'),(190,13,'JTC','2021-05-10',1,'2021-05-10 21:33:27','2021-05-10 21:33:27'),(191,13,'JC','2021-05-10',1,'2021-05-10 21:34:03','2021-05-10 21:34:03'),(192,7,'JR','2021-05-11',1,'2021-05-11 15:44:57','2021-05-11 15:44:57'),(193,2,'SB','2021-05-11',1,'2021-05-11 15:45:39','2021-05-11 15:45:39'),(194,10,'OP','2021-05-11',1,'2021-05-11 16:30:59','2021-05-11 16:30:59'),(195,14,'GC','2021-05-12',1,'2021-05-12 18:33:33','2021-05-12 18:33:33'),(196,1,'CH','2021-05-12',1,'2021-05-12 19:26:41','2021-05-12 19:26:41'),(197,0,'IC','2021-05-12',1,'2021-05-12 23:08:48','2021-05-12 23:08:48'),(198,4,'CB','2021-05-12',1,'2021-05-12 23:35:22','2021-05-12 23:35:22'),(199,13,'IC','2021-05-12',1,'2021-05-12 23:58:39','2021-05-12 23:58:39'),(200,6,'DAGG','2021-05-12',1,'2021-05-13 00:19:02','2021-05-13 00:19:02'),(201,11,'JR','2021-05-12',1,'2021-05-13 00:19:56','2021-05-13 00:19:56'),(202,15,'EG','2021-05-17',1,'2021-05-17 18:19:27','2021-05-17 18:19:27'),(203,17,'YL','2021-05-17',1,'2021-05-17 18:19:50','2021-05-17 18:19:50'),(204,0,'GM','2021-05-17',1,'2021-05-17 18:20:17','2021-05-17 18:20:17'),(205,12,'AT','2021-05-17',1,'2021-05-17 18:20:30','2021-05-17 18:20:30'),(206,11,'SJ','2021-05-17',1,'2021-05-17 21:00:41','2021-05-17 21:00:41'),(207,12,'MM','2021-05-17',1,'2021-05-17 22:11:11','2021-05-17 22:11:11'),(208,0,'DH','2021-05-18',1,'2021-05-18 22:50:44','2021-05-18 22:50:44'),(209,12,'JC','2021-05-18',1,'2021-05-18 23:51:59','2021-05-18 23:51:59'),(210,14,'EG','2021-05-18',1,'2021-05-18 23:52:28','2021-05-18 23:52:28'),(211,6,'DW','2021-05-19',1,'2021-05-19 19:36:32','2021-05-19 19:36:32'),(212,11,'VD','2021-05-19',1,'2021-05-19 20:15:49','2021-05-19 20:15:49'),(213,13,'MR','2021-05-19',1,'2021-05-19 22:35:50','2021-05-19 22:35:50'),(214,2,'LC','2021-05-19',1,'2021-05-19 23:16:46','2021-05-19 23:16:46'),(215,4,'HR','2021-05-19',1,'2021-05-19 23:58:48','2021-05-19 23:58:48'),(216,10,'MT','2021-05-21',1,'2021-05-21 20:19:01','2021-05-21 20:19:01'),(217,9,'AC','2021-05-21',1,'2021-05-21 21:22:41','2021-05-21 21:22:41'),(218,11,'JD','2021-05-21',1,'2021-05-21 21:23:02','2021-05-21 21:23:02'),(219,5,'SR','2021-05-21',1,'2021-05-21 21:23:20','2021-05-21 21:23:20'),(220,13,'JC','2021-05-21',1,'2021-05-21 21:23:42','2021-05-21 21:23:42'),(221,11,'TM','2021-05-24',1,'2021-05-24 20:55:14','2021-05-24 20:55:14'),(222,15,'DG','2021-05-24',1,'2021-05-24 21:11:57','2021-05-24 21:11:57'),(223,11,'CS','2021-05-24',1,'2021-05-24 21:24:12','2021-05-24 21:24:12'),(224,18,'JR','2021-05-24',1,'2021-05-24 21:53:31','2021-05-24 21:53:31'),(225,2,'MVG','2021-05-26',0,'2021-05-26 12:17:17','2021-05-26 12:17:17'),(226,4,'BT','2021-05-26',0,'2021-05-26 12:18:48','2021-05-26 12:18:48'),(227,8,'EG','2021-05-26',0,'2021-05-26 12:19:54','2021-05-26 12:19:54'),(228,15,'JM','2021-05-25',0,'2021-05-26 12:20:11','2021-05-27 21:37:20'),(229,7,'SS','2021-05-26',1,'2021-05-26 14:21:05','2021-05-26 14:21:05'),(230,13,'EMO','2021-05-26',1,'2021-05-26 16:36:04','2021-05-26 16:36:04'),(231,16,'CC','2021-05-26',1,'2021-05-26 18:45:02','2021-05-26 18:45:02'),(232,14,'AF','2021-05-26',1,'2021-05-26 22:29:09','2021-05-26 22:29:09'),(233,9,'RS','2021-05-26',1,'2021-05-26 22:30:07','2021-05-26 22:30:07'),(234,17,'JC','2021-05-19',1,'2021-05-27 16:43:18','2021-05-27 16:43:18'),(235,3,'ACB','2021-05-27',1,'2021-05-27 16:43:54','2021-05-27 16:43:54'),(236,2,'KP','2021-05-20',1,'2021-05-27 16:44:27','2021-05-27 16:44:27'),(237,11,'AS','2021-05-27',1,'2021-05-27 16:44:51','2021-05-27 16:44:51'),(238,16,'AT','2021-05-20',1,'2021-05-27 16:45:18','2021-05-27 16:45:18'),(239,0,'A','2021-05-25',1,'2021-05-27 16:45:48','2021-05-27 16:45:48'),(240,2,'CDG','2021-05-26',1,'2021-05-27 16:46:38','2021-05-27 16:46:38'),(241,0,'AB','2021-05-26',1,'2021-05-27 16:46:59','2021-05-27 16:46:59'),(242,18,'JS','2021-05-27',1,'2021-05-27 16:47:17','2021-05-27 16:47:17'),(243,4,'BT','2021-05-25',1,'2021-05-27 17:35:27','2021-05-27 21:36:35'),(244,8,'EG','2021-05-25',1,'2021-05-27 17:36:56','2021-05-27 17:36:56'),(245,15,'JM','2021-05-25',1,'2021-05-27 17:38:07','2021-05-27 17:38:07'),(246,8,'VB','2021-05-28',0,'2021-05-28 13:39:03','2021-05-28 13:39:03'),(247,10,'NG','2021-05-28',1,'2021-05-28 16:19:59','2021-05-28 16:19:59'),(248,3,'MB','2021-05-28',1,'2021-05-28 18:16:06','2021-05-28 18:16:06'),(249,12,'OS','2021-05-28',1,'2021-05-28 18:16:32','2021-05-28 18:16:32'),(250,6,'DAGG','2021-06-01',1,'2021-06-01 18:56:47','2021-06-01 18:56:47'),(251,6,'TT','2021-06-01',1,'2021-06-01 23:52:23','2021-06-01 23:52:23'),(252,13,'JC','2021-06-01',1,'2021-06-01 23:52:52','2021-06-01 23:52:52'),(253,10,'SD','2021-06-02',1,'2021-06-02 18:28:55','2021-06-02 18:28:55'),(254,2,'HJM','2021-06-02',1,'2021-06-02 18:29:14','2021-06-02 18:29:14'),(255,9,'JB','2021-06-02',1,'2021-06-02 18:29:49','2021-06-02 18:29:49'),(256,0,'HL','2021-06-02',1,'2021-06-02 18:30:12','2021-06-02 18:30:12'),(257,17,'CR','2021-06-02',1,'2021-06-02 19:53:27','2021-06-02 19:53:27'),(258,12,'LC','2021-06-04',1,'2021-06-04 16:32:17','2021-06-04 16:32:17'),(259,7,'PFD','2021-06-04',0,'2021-06-04 16:33:23','2021-06-04 16:33:23'),(260,20,'DM','2021-06-04',1,'2021-06-04 18:03:41','2021-06-04 18:03:41'),(261,0,'AJP','2021-06-04',1,'2021-06-04 18:56:30','2021-06-04 18:56:30'),(262,0,'BP','2021-06-04',1,'2021-06-04 18:57:12','2021-06-04 18:57:12'),(263,13,'BNM','2021-06-07',1,'2021-06-07 18:43:12','2021-06-07 18:43:12'),(264,16,'BB','2021-06-07',1,'2021-06-07 19:09:38','2021-06-07 19:09:38'),(265,2,'FA','2021-06-07',1,'2021-06-07 21:40:14','2021-06-07 21:40:14'),(266,17,'TB','2021-06-07',1,'2021-06-07 22:15:21','2021-06-07 22:15:21'),(267,2,'BB','2021-06-07',1,'2021-06-07 22:19:47','2021-06-07 22:19:47'),(268,8,'JB','2021-06-07',1,'2021-06-07 22:21:08','2021-06-07 22:21:08'),(269,11,'JN','2021-06-07',1,'2021-06-07 22:21:45','2021-06-07 22:21:45'),(270,18,'JS','2021-06-07',1,'2021-06-07 22:23:36','2021-06-07 22:23:36'),(271,9,'LR','2021-06-07',1,'2021-06-07 22:23:58','2021-06-07 22:23:58'),(272,4,'MG','2021-06-08',1,'2021-06-08 18:05:26','2021-06-08 18:05:26'),(273,12,'AT','2021-06-08',1,'2021-06-08 18:06:21','2021-06-08 18:06:21'),(274,14,'CB','2021-06-08',1,'2021-06-08 18:06:48','2021-06-08 18:06:48'),(275,6,'ZB','2021-06-09',1,'2021-06-09 23:29:14','2021-06-09 23:29:14'),(276,1,'OS','2021-06-09',1,'2021-06-09 23:30:01','2021-06-09 23:30:01'),(277,6,'EB','2021-06-09',1,'2021-06-09 23:31:23','2021-06-09 23:31:23'),(278,10,'JC','2021-06-09',1,'2021-06-09 23:32:11','2021-06-09 23:32:11'),(279,1,'MP','2021-06-09',1,'2021-06-09 23:32:52','2021-06-09 23:32:52'),(280,19,'GGU','2021-06-09',1,'2021-06-09 23:34:39','2021-06-09 23:34:39'),(281,15,'AP','2021-06-09',1,'2021-06-09 23:35:43','2021-06-09 23:35:43'),(282,5,'DA','2021-06-09',1,'2021-06-09 23:40:24','2021-06-09 23:40:24'),(283,6,'IH','2021-06-11',1,'2021-06-11 13:51:43','2021-06-11 13:51:43'),(284,14,'GT','2021-06-11',0,'2021-06-11 19:45:55','2021-06-11 19:45:55'),(285,0,'PM','2021-06-11',1,'2021-06-11 19:47:21','2021-06-11 19:47:21'),(286,14,'JC','2021-06-11',1,'2021-06-11 20:38:04','2021-06-11 20:38:04'),(287,0,'JT','2021-06-11',1,'2021-06-11 20:39:34','2021-06-11 20:39:34'),(288,14,'LS','2021-06-14',1,'2021-06-14 20:33:41','2021-06-14 20:33:41'),(289,10,'MG','2021-06-14',1,'2021-06-14 20:34:09','2021-06-14 20:34:09'),(290,9,'CM','2021-06-14',1,'2021-06-14 20:34:29','2021-06-14 20:34:29'),(291,9,'JS','2021-06-14',1,'2021-06-14 20:34:56','2021-06-14 20:34:56'),(292,14,'TS','2021-06-14',1,'2021-06-14 20:35:18','2021-06-14 20:35:18'),(293,13,'AS','2021-06-14',1,'2021-06-14 20:35:39','2021-06-14 20:35:39'),(294,20,'JM','2021-06-14',1,'2021-06-14 20:36:09','2021-06-14 20:36:09'),(295,3,'JC','2021-06-14',1,'2021-06-14 20:36:38','2021-06-14 20:36:38'),(296,3,'JC','2021-06-14',1,'2021-06-14 20:42:03','2021-06-14 20:42:03'),(297,0,'M','2021-06-14',0,'2021-06-14 21:24:50','2021-06-14 21:24:50'),(298,0,'M','2021-05-29',1,'2021-06-14 21:25:52','2021-06-14 21:25:52'),(299,0,'I','2021-05-29',1,'2021-06-14 21:26:40','2021-06-14 21:26:40'),(300,0,'PM','2021-05-31',1,'2021-06-14 21:27:57','2021-06-14 21:27:57'),(301,0,'AJP','2021-06-14',1,'2021-06-14 21:29:40','2021-06-14 21:29:40'),(302,6,'MYL','2021-06-11',1,'2021-06-14 21:30:13','2021-06-14 21:30:13'),(303,16,'AC','2021-06-09',1,'2021-06-14 21:30:51','2021-06-14 21:30:51'),(304,0,'CP','2021-06-09',1,'2021-06-14 21:31:34','2021-06-14 21:31:34'),(305,16,'ATD','2021-06-08',1,'2021-06-14 21:32:03','2021-06-14 21:32:03'),(306,4,'AA','2021-06-08',1,'2021-06-14 21:32:41','2021-06-14 21:32:41'),(307,3,'JKC','2021-06-02',1,'2021-06-14 21:33:32','2021-06-14 21:33:32'),(308,1,'CS','2021-06-15',1,'2021-06-15 14:58:01','2021-06-15 14:58:01'),(309,1,'MP','2021-06-15',1,'2021-06-15 19:41:15','2021-06-15 19:41:15'),(310,1,'CS','2021-06-15',1,'2021-06-15 19:42:18','2021-06-15 19:42:18'),(311,12,'AP','2021-06-15',0,'2021-06-15 19:42:40','2021-06-15 19:42:40'),(312,0,'LO','2021-06-16',1,'2021-06-16 13:57:54','2021-06-16 13:57:54'),(313,5,'JT','2021-06-16',1,'2021-06-16 14:56:25','2021-06-16 14:56:25'),(314,2,'LP','2021-06-16',1,'2021-06-16 18:16:25','2021-06-16 18:16:25'),(315,3,'DM','2021-06-16',1,'2021-06-16 19:50:33','2021-06-16 19:50:33'),(316,3,'CC','2021-06-16',1,'2021-06-16 19:51:24','2021-06-16 19:51:24'),(317,16,'IT','2021-06-16',1,'2021-06-16 19:52:04','2021-06-16 19:52:04'),(318,9,'MS','2021-06-18',1,'2021-06-18 19:39:44','2021-06-18 19:39:44'),(319,0,'PJ','2021-06-18',1,'2021-06-18 19:40:01','2021-06-18 19:40:01'),(320,4,'MB','2021-06-18',1,'2021-06-18 19:40:59','2021-06-18 19:40:59'),(321,12,'TJB','2021-06-18',1,'2021-06-18 19:41:18','2021-06-18 19:41:18'),(322,11,'YS','2021-06-18',0,'2021-06-18 19:42:22','2021-06-18 19:42:22'),(323,13,'JC','2021-06-18',1,'2021-06-18 19:42:48','2021-06-18 19:42:48'),(324,13,'CD','2021-06-20',1,'2021-06-20 17:40:33','2021-06-20 17:40:33'),(325,11,'TA','2021-06-21',1,'2021-06-21 19:59:34','2021-06-21 19:59:34'),(326,18,'JW','2021-06-21',1,'2021-06-21 20:34:23','2021-06-21 20:34:23'),(327,11,'ES','2021-06-21',1,'2021-06-21 20:47:05','2021-06-21 20:47:05'),(328,6,'CA','2021-06-21',1,'2021-06-21 20:47:37','2021-06-21 20:47:37'),(329,13,'NG','2021-06-21',1,'2021-06-21 20:48:02','2021-06-21 20:48:02'),(330,9,'LW','2021-06-21',1,'2021-06-21 20:48:22','2021-06-21 20:48:22'),(331,16,'KM','2021-06-21',1,'2021-06-21 20:49:08','2021-06-21 20:49:08'),(332,5,'KJ','2021-06-21',1,'2021-06-21 20:50:25','2021-06-21 20:50:25'),(333,8,'KW','2021-06-22',1,'2021-06-22 17:15:05','2021-06-22 17:15:05'),(334,0,'DH','2021-06-22',1,'2021-06-22 19:22:02','2021-06-22 19:22:02'),(335,6,'KK','2021-06-23',0,'2021-06-23 11:17:34','2021-06-23 11:17:34'),(336,6,'KK','2021-06-22',1,'2021-06-23 12:42:34','2021-06-23 12:42:34'),(337,9,'SH','2021-06-23',1,'2021-06-23 17:42:55','2021-06-23 17:42:55'),(338,3,'DJA','2021-06-23',0,'2021-06-23 17:43:16','2021-06-23 17:43:16'),(339,13,'DH','2021-06-23',1,'2021-06-23 17:43:42','2021-06-23 17:43:42'),(340,18,'CZ','2021-06-23',1,'2021-06-23 17:44:07','2021-06-23 17:44:07'),(341,16,'NJ','2021-06-23',1,'2021-06-23 19:43:13','2021-06-23 19:43:13'),(342,12,'AC','2021-06-23',1,'2021-06-23 19:46:00','2021-06-23 19:46:00'),(343,11,'AD','2021-07-06',1,'2021-07-06 15:45:28','2021-07-06 15:45:28'),(344,18,'JS','2021-07-06',1,'2021-07-06 17:08:44','2021-07-06 17:08:44'),(345,10,'RS','2021-07-07',1,'2021-07-07 14:14:52','2021-07-07 14:14:52'),(346,10,'JG','2021-07-07',1,'2021-07-07 15:37:20','2021-07-07 15:37:20'),(347,6,'AG','2021-07-07',1,'2021-07-07 15:41:10','2021-07-07 15:41:10'),(348,14,'MM','2021-07-07',1,'2021-07-07 16:45:48','2021-07-07 16:45:48'),(349,16,'MM','2021-07-07',1,'2021-07-07 16:46:05','2021-07-07 16:46:05'),(350,7,'TR','2021-07-07',1,'2021-07-07 23:13:13','2021-07-07 23:13:13'),(351,4,'WK','2021-07-07',1,'2021-07-07 23:36:29','2021-07-07 23:36:29'),(352,4,'HK','2021-07-07',1,'2021-07-07 23:36:43','2021-07-07 23:36:43'),(353,10,'BO','2021-07-09',1,'2021-07-09 13:25:40','2021-07-09 13:25:40'),(354,10,'LB','2021-07-09',1,'2021-07-09 14:00:18','2021-07-09 14:00:18'),(355,17,'NC','2021-07-09',1,'2021-07-09 16:32:04','2021-07-09 16:32:04'),(356,3,'ET','2021-07-09',1,'2021-07-09 19:09:41','2021-07-09 19:09:41'),(357,3,'ET','2021-07-08',1,'2021-07-09 19:10:20','2021-07-09 19:10:20'),(358,14,'EB','2021-07-07',1,'2021-07-09 19:10:47','2021-07-09 19:10:47'),(359,19,'AG','2021-06-16',1,'2021-07-09 19:19:04','2021-07-09 19:19:04'),(360,7,'MM','2021-06-17',1,'2021-07-09 19:19:27','2021-07-09 19:19:27'),(361,13,'CD','2021-06-17',1,'2021-07-09 19:20:00','2021-07-09 19:20:00'),(362,12,'JR','2021-06-18',1,'2021-07-09 19:20:23','2021-07-09 19:20:23'),(363,0,'NS','2021-07-09',1,'2021-07-09 19:20:45','2021-07-09 19:20:45'),(364,18,'CH','2021-07-09',1,'2021-07-09 19:21:02','2021-07-09 19:21:02'),(365,8,'MB','2021-06-23',1,'2021-07-09 21:02:24','2021-07-09 21:02:24'),(366,10,'SD','2021-07-12',1,'2021-07-12 22:58:12','2021-07-12 22:58:12'),(367,10,'GF','2021-07-12',0,'2021-07-12 22:58:53','2021-07-12 22:58:53'),(368,13,'MC','2021-07-12',0,'2021-07-12 22:59:17','2021-07-12 22:59:17'),(369,10,'LFH','2021-07-12',1,'2021-07-12 22:59:36','2021-07-12 22:59:36'),(370,10,'CZ','2021-07-12',1,'2021-07-12 22:59:56','2021-07-12 22:59:56'),(371,14,'CD','2021-07-12',0,'2021-07-12 23:00:12','2021-07-12 23:00:12'),(372,11,'IS','2021-07-12',1,'2021-07-12 23:00:32','2021-07-12 23:00:32'),(373,12,'LR','2021-07-12',1,'2021-07-12 23:00:49','2021-07-12 23:00:49'),(374,12,'AD','2021-07-13',1,'2021-07-13 15:41:26','2021-07-13 15:41:26'),(375,11,'IS','2021-07-13',1,'2021-07-13 19:25:50','2021-07-13 19:25:50'),(376,18,'EH','2021-07-14',1,'2021-07-14 16:47:05','2021-07-14 16:47:05'),(377,6,'LG','2021-07-14',0,'2021-07-14 16:47:24','2021-07-14 16:47:24'),(378,2,'JB','2021-07-14',0,'2021-07-14 16:47:48','2021-07-14 16:47:48'),(379,18,'AF','2021-07-14',0,'2021-07-14 21:50:23','2021-07-14 21:50:23'),(380,6,'TS','2021-07-14',1,'2021-07-14 21:51:32','2021-07-14 21:51:32'),(381,10,'AJ','2021-07-14',1,'2021-07-14 21:51:59','2021-07-14 21:51:59'),(382,0,'DH','2021-07-16',0,'2021-07-16 20:50:18','2021-07-16 20:50:18'),(383,1,'MP','2021-07-16',1,'2021-07-16 20:50:45','2021-07-16 20:50:45'),(384,7,'JP','2021-07-16',1,'2021-07-16 20:51:06','2021-07-16 20:51:06'),(385,18,'KD','2021-07-19',1,'2021-07-19 20:04:53','2021-07-19 20:04:53'),(386,13,'MR','2021-07-19',1,'2021-07-19 20:31:13','2021-07-19 20:31:13'),(387,13,'KM','2021-07-19',1,'2021-07-19 21:44:09','2021-07-19 21:44:09'),(388,4,'MS','2021-07-19',1,'2021-07-19 21:49:08','2021-07-19 21:49:08'),(389,18,'CH','2021-07-06',1,'2021-07-19 22:38:10','2021-07-19 22:38:10'),(390,0,'NS','2021-07-19',1,'2021-07-19 22:38:35','2021-07-19 22:38:35'),(391,16,'JM','2021-07-19',1,'2021-07-19 22:38:57','2021-07-19 22:38:57'),(392,7,'KS','2021-07-14',1,'2021-07-19 23:05:30','2021-07-19 23:05:30'),(393,2,'TS','2021-07-16',1,'2021-07-19 23:06:05','2021-07-19 23:06:05'),(394,11,'RD','2021-07-19',1,'2021-07-19 23:06:33','2021-07-19 23:06:33'),(395,11,'GG','2021-07-15',1,'2021-07-19 23:07:01','2021-07-19 23:07:01'),(396,20,'DM','2021-07-13',1,'2021-07-19 23:07:45','2021-07-19 23:07:45'),(397,12,'AP','2021-07-20',0,'2021-07-20 18:21:09','2021-07-20 18:21:09'),(398,15,'EB','2021-07-20',0,'2021-07-20 18:21:31','2021-07-20 18:21:31'),(399,7,'SS','2021-07-20',0,'2021-07-20 18:21:49','2021-07-20 18:21:49'),(400,8,'JC','2021-07-20',1,'2021-07-20 18:22:11','2021-07-20 18:22:11'),(401,7,'SS','2021-07-21',1,'2021-07-21 15:43:37','2021-07-21 15:43:37'),(402,8,'VB','2021-07-21',1,'2021-07-21 15:44:02','2021-07-21 15:44:02'),(403,0,'OT','2021-07-21',0,'2021-07-21 20:04:46','2021-07-21 20:04:46'),(404,10,'GC','2021-07-21',0,'2021-07-21 20:05:33','2021-07-21 20:05:33');
/*!40000 ALTER TABLE `ledger_entry` ENABLE KEYS */;
UNLOCK TABLES;
/*!40103 SET TIME_ZONE=@OLD_TIME_ZONE */;

/*!40101 SET SQL_MODE=@OLD_SQL_MODE */;
/*!40014 SET FOREIGN_KEY_CHECKS=@OLD_FOREIGN_KEY_CHECKS */;
/*!40014 SET UNIQUE_CHECKS=@OLD_UNIQUE_CHECKS */;
/*!40101 SET CHARACTER_SET_CLIENT=@OLD_CHARACTER_SET_CLIENT */;
/*!40101 SET CHARACTER_SET_RESULTS=@OLD_CHARACTER_SET_RESULTS */;
/*!40101 SET COLLATION_CONNECTION=@OLD_COLLATION_CONNECTION */;
/*!40111 SET SQL_NOTES=@OLD_SQL_NOTES */;

-- Dump completed on 2021-07-23 15:56:10
